[
  {
    "id": "f931ba86-3261-474a-aed3-d7998b743041",
    "data": [
      {
        "text": "Cuantas ",
        "userDefined": false
      },
      {
        "text": "naranjas",
        "alias": "fruits",
        "meta": "@fruits",
        "userDefined": true
      },
      {
        "text": " tienes en stock?",
        "userDefined": false
      }
    ],
    "isTemplate": false,
    "count": 0,
    "updated": 0
  },
  {
    "id": "e7a8ed36-877d-43cd-a5f0-f3a88a0b3906",
    "data": [
      {
        "text": "cuantos ",
        "userDefined": false
      },
      {
        "text": "platanos",
        "alias": "fruits",
        "meta": "@fruits",
        "userDefined": true
      },
      {
        "text": " tienes en stock?",
        "userDefined": false
      }
    ],
    "isTemplate": false,
    "count": 0,
    "updated": 0
  },
  {
    "id": "6e2bce74-8e14-4c15-b9ec-cfe493b68f67",
    "data": [
      {
        "text": "cuantas ",
        "userDefined": false
      },
      {
        "text": "manzanas",
        "alias": "fruits",
        "meta": "@fruits",
        "userDefined": true
      },
      {
        "text": " tienes en stock?",
        "userDefined": false
      }
    ],
    "isTemplate": false,
    "count": 0,
    "updated": 0
  }
]